"","latitude","longitude","acq_time","acq_date","bright","acq_time_std","time"
"136",41.881,-122.53,645,"2018-07-06",289.1,"10:45:00",2018-07-06 10:45:00
"137",41.934,-122.539,645,"2018-07-06",289.4,"10:45:00",2018-07-06 10:45:00
"138",41.932,-122.564,645,"2018-07-06",290.8,"10:45:00",2018-07-06 10:45:00
"139",41.93,-122.592,645,"2018-07-06",289.8,"10:45:00",2018-07-06 10:45:00
"140",41.947,-122.541,645,"2018-07-06",296.7,"10:45:00",2018-07-06 10:45:00
"141",41.945,-122.567,645,"2018-07-06",293.8,"10:45:00",2018-07-06 10:45:00
"142",41.944,-122.594,645,"2018-07-06",290.2,"10:45:00",2018-07-06 10:45:00
"143",41.96,-122.544,645,"2018-07-06",288,"10:45:00",2018-07-06 10:45:00
"144",41.958,-122.57,645,"2018-07-06",290.3,"10:45:00",2018-07-06 10:45:00
"145",41.966,-122.604,645,"2018-07-06",288.7,"10:45:00",2018-07-06 10:45:00
"238",41.962,-122.543,1055,"2018-07-06",285.2,"17:35:00",2018-07-06 17:35:00
"239",41.949,-122.616,1055,"2018-07-06",285.8,"17:35:00",2018-07-06 17:35:00
"408",41.983,-122.589,1845,"2018-07-06",295.6,"06:45:00",2018-07-06 06:45:00
"409",41.972,-122.592,1845,"2018-07-06",283.1,"06:45:00",2018-07-06 06:45:00
"410",41.968,-122.551,1845,"2018-07-06",271,"06:45:00",2018-07-06 06:45:00
"411",41.934,-122.559,1845,"2018-07-06",278.6,"06:45:00",2018-07-06 06:45:00
"546",41.94,-122.521,2025,"2018-07-06",298.7,"09:45:00",2018-07-06 09:45:00
"547",41.928,-122.567,2025,"2018-07-06",296.6,"09:45:00",2018-07-06 09:45:00
"548",41.956,-122.527,2025,"2018-07-06",295.1,"09:45:00",2018-07-06 09:45:00
"549",41.944,-122.573,2025,"2018-07-06",288,"09:45:00",2018-07-06 09:45:00
"550",41.933,-122.614,2025,"2018-07-06",270.6,"09:45:00",2018-07-06 09:45:00
"551",41.972,-122.532,2025,"2018-07-06",290.4,"09:45:00",2018-07-06 09:45:00
"552",41.96,-122.58,2025,"2018-07-06",275.2,"09:45:00",2018-07-06 09:45:00
"553",41.947,-122.531,2025,"2018-07-06",296.6,"09:45:00",2018-07-06 09:45:00
"554",41.935,-122.577,2025,"2018-07-06",291.3,"09:45:00",2018-07-06 09:45:00
"555",41.963,-122.536,2025,"2018-07-06",293.3,"09:45:00",2018-07-06 09:45:00
"556",41.95,-122.583,2025,"2018-07-06",277.2,"09:45:00",2018-07-06 09:45:00
"557",41.979,-122.543,2025,"2018-07-06",283.6,"09:45:00",2018-07-06 09:45:00
"593",41.968,-122.566,2200,"2018-07-06",281.5,"12:40:00",2018-07-06 12:40:00
"594",41.983,-122.568,2200,"2018-07-06",288,"12:40:00",2018-07-06 12:40:00
"595",41.982,-122.608,2200,"2018-07-06",304.9,"12:40:00",2018-07-06 12:40:00
"596",41.999,-122.572,2200,"2018-07-06",289.7,"12:40:00",2018-07-06 12:40:00
"597",41.977,-122.572,2200,"2018-07-06",290.5,"12:40:00",2018-07-06 12:40:00
"598",41.975,-122.611,2200,"2018-07-06",302.7,"12:40:00",2018-07-06 12:40:00
"599",41.992,-122.576,2200,"2018-07-06",295.3,"12:40:00",2018-07-06 12:40:00
"600",41.991,-122.613,2200,"2018-07-06",304.6,"12:40:00",2018-07-06 12:40:00
"749",41.932,-122.474,550,"2018-07-07",297,"09:10:00",2018-07-07 09:10:00
"750",41.929,-122.49,550,"2018-07-07",292.1,"09:10:00",2018-07-07 09:10:00
"751",41.945,-122.462,550,"2018-07-07",291.6,"09:10:00",2018-07-07 09:10:00
"752",41.942,-122.477,550,"2018-07-07",294,"09:10:00",2018-07-07 09:10:00
"753",41.939,-122.493,550,"2018-07-07",294.6,"09:10:00",2018-07-07 09:10:00
"754",41.937,-122.509,550,"2018-07-07",290,"09:10:00",2018-07-07 09:10:00
"755",41.956,-122.465,550,"2018-07-07",292.6,"09:10:00",2018-07-07 09:10:00
"756",41.953,-122.481,550,"2018-07-07",291.9,"09:10:00",2018-07-07 09:10:00
"757",41.95,-122.497,550,"2018-07-07",292.4,"09:10:00",2018-07-07 09:10:00
"758",41.947,-122.513,550,"2018-07-07",293.3,"09:10:00",2018-07-07 09:10:00
"759",41.944,-122.528,550,"2018-07-07",290.7,"09:10:00",2018-07-07 09:10:00
"760",41.928,-122.609,550,"2018-07-07",291.1,"09:10:00",2018-07-07 09:10:00
"761",41.926,-122.624,550,"2018-07-07",297.1,"09:10:00",2018-07-07 09:10:00
"762",41.923,-122.64,550,"2018-07-07",287.5,"09:10:00",2018-07-07 09:10:00
"763",41.966,-122.468,550,"2018-07-07",293.8,"09:10:00",2018-07-07 09:10:00
"764",41.963,-122.483,550,"2018-07-07",292.3,"09:10:00",2018-07-07 09:10:00
"765",41.96,-122.499,550,"2018-07-07",291.6,"09:10:00",2018-07-07 09:10:00
"766",41.957,-122.516,550,"2018-07-07",294.2,"09:10:00",2018-07-07 09:10:00
"767",41.954,-122.531,550,"2018-07-07",291.6,"09:10:00",2018-07-07 09:10:00
"768",41.936,-122.627,550,"2018-07-07",288.4,"09:10:00",2018-07-07 09:10:00
"769",41.976,-122.471,550,"2018-07-07",296.4,"09:10:00",2018-07-07 09:10:00
"770",41.973,-122.487,550,"2018-07-07",293.5,"09:10:00",2018-07-07 09:10:00
"771",41.967,-122.519,550,"2018-07-07",291.3,"09:10:00",2018-07-07 09:10:00
"772",41.949,-122.616,550,"2018-07-07",289.7,"09:10:00",2018-07-07 09:10:00
"773",41.946,-122.631,550,"2018-07-07",288,"09:10:00",2018-07-07 09:10:00
"774",41.986,-122.475,550,"2018-07-07",294.7,"09:10:00",2018-07-07 09:10:00
"775",41.983,-122.491,550,"2018-07-07",294.6,"09:10:00",2018-07-07 09:10:00
"776",41.977,-122.521,550,"2018-07-07",290.3,"09:10:00",2018-07-07 09:10:00
"777",41.968,-122.571,550,"2018-07-07",292.7,"09:10:00",2018-07-07 09:10:00
"778",41.985,-122.463,550,"2018-07-07",290.8,"09:10:00",2018-07-07 09:10:00
"779",41.982,-122.479,550,"2018-07-07",296.7,"09:10:00",2018-07-07 09:10:00
"780",41.992,-122.482,550,"2018-07-07",293.6,"09:10:00",2018-07-07 09:10:00
"781",41.989,-122.498,550,"2018-07-07",296.1,"09:10:00",2018-07-07 09:10:00
"783",41.999,-122.501,550,"2018-07-07",294.1,"09:10:00",2018-07-07 09:10:00
"784",41.996,-122.516,550,"2018-07-07",293.1,"09:10:00",2018-07-07 09:10:00
"785",41.993,-122.532,550,"2018-07-07",289.9,"09:10:00",2018-07-07 09:10:00
"786",41.99,-122.548,550,"2018-07-07",290.7,"09:10:00",2018-07-07 09:10:00
"787",41.987,-122.565,550,"2018-07-07",292.2,"09:10:00",2018-07-07 09:10:00
"791",41.997,-122.568,550,"2018-07-07",291.1,"09:10:00",2018-07-07 09:10:00
"792",41.991,-122.601,550,"2018-07-07",287.9,"09:10:00",2018-07-07 09:10:00
"939",41.999,-122.555,1000,"2018-07-07",287.1,"16:40:00",2018-07-07 16:40:00
"940",41.997,-122.541,1000,"2018-07-07",285.8,"16:40:00",2018-07-07 16:40:00
"941",41.991,-122.486,1000,"2018-07-07",287.5,"16:40:00",2018-07-07 16:40:00
"942",41.989,-122.472,1000,"2018-07-07",288.2,"16:40:00",2018-07-07 16:40:00
"943",41.995,-122.547,1000,"2018-07-07",287.4,"16:40:00",2018-07-07 16:40:00
"944",41.985,-122.464,1000,"2018-07-07",286.7,"16:40:00",2018-07-07 16:40:00
"945",41.975,-122.466,1000,"2018-07-07",287.4,"16:40:00",2018-07-07 16:40:00
"946",41.951,-122.514,1000,"2018-07-07",286.6,"16:40:00",2018-07-07 16:40:00
"947",41.945,-122.63,1000,"2018-07-07",284.4,"16:40:00",2018-07-07 16:40:00
"948",41.943,-122.616,1000,"2018-07-07",287.8,"16:40:00",2018-07-07 16:40:00
"949",41.934,-122.618,1000,"2018-07-07",288.3,"16:40:00",2018-07-07 16:40:00
"950",41.924,-122.62,1000,"2018-07-07",286.7,"16:40:00",2018-07-07 16:40:00
"1091",41.993,-122.489,1925,"2018-07-07",310,"08:05:00",2018-07-07 08:05:00
"1092",41.99,-122.473,1925,"2018-07-07",310.2,"08:05:00",2018-07-07 08:05:00
"1093",41.987,-122.457,1925,"2018-07-07",308.6,"08:05:00",2018-07-07 08:05:00
"1094",41.977,-122.461,1925,"2018-07-07",314.2,"08:05:00",2018-07-07 08:05:00
"1095",41.947,-122.47,1925,"2018-07-07",311.4,"08:05:00",2018-07-07 08:05:00
"1096",41.944,-122.455,1925,"2018-07-07",310.2,"08:05:00",2018-07-07 08:05:00
"1097",41.946,-122.521,1925,"2018-07-07",313,"08:05:00",2018-07-07 08:05:00
"1098",41.943,-122.505,1925,"2018-07-07",313.8,"08:05:00",2018-07-07 08:05:00
"1099",41.94,-122.49,1925,"2018-07-07",315.5,"08:05:00",2018-07-07 08:05:00
"1100",41.937,-122.474,1925,"2018-07-07",312.9,"08:05:00",2018-07-07 08:05:00
"1101",41.934,-122.458,1925,"2018-07-07",311.5,"08:05:00",2018-07-07 08:05:00
"1102",41.93,-122.493,1925,"2018-07-07",312.7,"08:05:00",2018-07-07 08:05:00
"1103",41.927,-122.477,1925,"2018-07-07",314.4,"08:05:00",2018-07-07 08:05:00
"1104",41.924,-122.461,1925,"2018-07-07",314.7,"08:05:00",2018-07-07 08:05:00
"1105",41.933,-122.499,1925,"2018-07-07",311.4,"08:05:00",2018-07-07 08:05:00
"1106",41.93,-122.483,1925,"2018-07-07",314.2,"08:05:00",2018-07-07 08:05:00
"1107",41.927,-122.467,1925,"2018-07-07",315.6,"08:05:00",2018-07-07 08:05:00
"1108",41.924,-122.451,1925,"2018-07-07",312.5,"08:05:00",2018-07-07 08:05:00
"1109",41.923,-122.502,1925,"2018-07-07",313.4,"08:05:00",2018-07-07 08:05:00
"1110",41.92,-122.486,1925,"2018-07-07",312.7,"08:05:00",2018-07-07 08:05:00
"1111",41.917,-122.47,1925,"2018-07-07",312.8,"08:05:00",2018-07-07 08:05:00
"1250",41.919,-122.455,2105,"2018-07-07",321.1,"11:05:00",2018-07-07 11:05:00
"1251",41.917,-122.467,2105,"2018-07-07",323.3,"11:05:00",2018-07-07 11:05:00
"1252",41.915,-122.48,2105,"2018-07-07",323.2,"11:05:00",2018-07-07 11:05:00
"1253",41.913,-122.492,2105,"2018-07-07",322.3,"11:05:00",2018-07-07 11:05:00
"1254",41.93,-122.445,2105,"2018-07-07",316.6,"11:05:00",2018-07-07 11:05:00
"1255",41.928,-122.457,2105,"2018-07-07",326.7,"11:05:00",2018-07-07 11:05:00
"1256",41.926,-122.47,2105,"2018-07-07",320.7,"11:05:00",2018-07-07 11:05:00
"1257",41.924,-122.483,2105,"2018-07-07",320,"11:05:00",2018-07-07 11:05:00
"1258",41.922,-122.495,2105,"2018-07-07",328.3,"11:05:00",2018-07-07 11:05:00
"1259",41.92,-122.508,2105,"2018-07-07",321.4,"11:05:00",2018-07-07 11:05:00
"1260",41.937,-122.46,2105,"2018-07-07",316.5,"11:05:00",2018-07-07 11:05:00
"1261",41.935,-122.473,2105,"2018-07-07",316.7,"11:05:00",2018-07-07 11:05:00
"1262",41.931,-122.498,2105,"2018-07-07",318.5,"11:05:00",2018-07-07 11:05:00
"1263",41.938,-122.513,2105,"2018-07-07",320.3,"11:05:00",2018-07-07 11:05:00
"1264",41.936,-122.525,2105,"2018-07-07",319.5,"11:05:00",2018-07-07 11:05:00
"1265",41.92,-122.626,2105,"2018-07-07",304,"11:05:00",2018-07-07 11:05:00
"1266",41.949,-122.503,2105,"2018-07-07",323.2,"11:05:00",2018-07-07 11:05:00
"1267",41.947,-122.515,2105,"2018-07-07",322.6,"11:05:00",2018-07-07 11:05:00
"1268",41.945,-122.528,2105,"2018-07-07",318.6,"11:05:00",2018-07-07 11:05:00
"1269",41.955,-122.51,2105,"2018-07-07",316.6,"11:05:00",2018-07-07 11:05:00
"1270",41.974,-122.45,2105,"2018-07-07",306.4,"11:05:00",2018-07-07 11:05:00
"1271",41.983,-122.453,2105,"2018-07-07",305.2,"11:05:00",2018-07-07 11:05:00
"1272",41.981,-122.465,2105,"2018-07-07",317.1,"11:05:00",2018-07-07 11:05:00
"1273",41.979,-122.478,2105,"2018-07-07",309.7,"11:05:00",2018-07-07 11:05:00
"1274",41.99,-122.468,2105,"2018-07-07",310.9,"11:05:00",2018-07-07 11:05:00
"1275",41.988,-122.481,2105,"2018-07-07",312.3,"11:05:00",2018-07-07 11:05:00
"1276",41.997,-122.483,2105,"2018-07-07",309.1,"11:05:00",2018-07-07 11:05:00
"1277",41.995,-122.495,2105,"2018-07-07",310.2,"11:05:00",2018-07-07 11:05:00
"1278",41.985,-122.558,2105,"2018-07-07",311.5,"11:05:00",2018-07-07 11:05:00
"1280",41.994,-122.561,2105,"2018-07-07",308.9,"11:05:00",2018-07-07 11:05:00
"1376",41.935,-122.638,630,"2018-07-08",288.1,"10:30:00",2018-07-08 10:30:00
"1377",41.978,-122.438,630,"2018-07-08",290,"10:30:00",2018-07-08 10:30:00
"1378",41.989,-122.441,630,"2018-07-08",291,"10:30:00",2018-07-08 10:30:00
"1380",41.998,-122.462,630,"2018-07-08",291.6,"10:30:00",2018-07-08 10:30:00
"1701",41.957,-122.529,1830,"2018-07-08",317.2,"06:30:00",2018-07-08 06:30:00
"1702",41.955,-122.501,1830,"2018-07-08",318.5,"06:30:00",2018-07-08 06:30:00
"1703",41.963,-122.534,1830,"2018-07-08",316.3,"06:30:00",2018-07-08 06:30:00
"1704",41.961,-122.506,1830,"2018-07-08",318.2,"06:30:00",2018-07-08 06:30:00
"1705",41.948,-122.508,1830,"2018-07-08",316.5,"06:30:00",2018-07-08 06:30:00
"1942",40.679,-122.176,2150,"2018-07-08",313.9,"11:50:00",2018-07-08 11:50:00
"2138",41.998,-122.513,535,"2018-07-09",291.3,"08:55:00",2018-07-09 08:55:00
"2362",41.998,-122.513,1915,"2018-07-09",317.9,"07:55:00",2018-07-09 07:55:00
"2463",41.998,-122.532,2055,"2018-07-09",312,"10:15:00",2018-07-09 10:15:00
"2464",41.999,-122.506,2055,"2018-07-09",315.9,"10:15:00",2018-07-09 10:15:00
"2465",41.996,-122.521,2055,"2018-07-09",313.5,"10:15:00",2018-07-09 10:15:00
"4475",41.98238,-122.58986,906,"2018-07-06",286.8,"15:06:00",2018-07-06 15:06:00
"4476",41.98257,-122.59599,906,"2018-07-06",285.3,"15:06:00",2018-07-06 15:06:00
"4477",41.97702,-122.6106,906,"2018-07-06",284.4,"15:06:00",2018-07-06 15:06:00
"4478",41.97685,-122.60484,906,"2018-07-06",284.5,"15:06:00",2018-07-06 15:06:00
"4479",41.97666,-122.59872,906,"2018-07-06",284.5,"15:06:00",2018-07-06 15:06:00
"4480",41.97646,-122.59247,906,"2018-07-06",285.8,"15:06:00",2018-07-06 15:06:00
"4481",41.97625,-122.58546,906,"2018-07-06",284.8,"15:06:00",2018-07-06 15:06:00
"4482",41.97106,-122.61163,906,"2018-07-06",285.1,"15:06:00",2018-07-06 15:06:00
"4483",41.97089,-122.6062,906,"2018-07-06",284.8,"15:06:00",2018-07-06 15:06:00
"4484",41.97072,-122.6006,906,"2018-07-06",285.3,"15:06:00",2018-07-06 15:06:00
"4485",41.97031,-122.58717,906,"2018-07-06",284.7,"15:06:00",2018-07-06 15:06:00
"4487",41.9651,-122.61274,906,"2018-07-06",285.8,"15:06:00",2018-07-06 15:06:00
"4488",41.96493,-122.60724,906,"2018-07-06",285,"15:06:00",2018-07-06 15:06:00
"4489",41.9644,-122.58975,906,"2018-07-06",285.2,"15:06:00",2018-07-06 15:06:00
"4490",41.9642,-122.5831,906,"2018-07-06",286,"15:06:00",2018-07-06 15:06:00
"4491",41.96401,-122.57693,906,"2018-07-06",286.5,"15:06:00",2018-07-06 15:06:00
"4492",41.96383,-122.57083,906,"2018-07-06",284.4,"15:06:00",2018-07-06 15:06:00
"4494",41.95723,-122.55035,906,"2018-07-06",286.8,"15:06:00",2018-07-06 15:06:00
"4496",41.95913,-122.61366,906,"2018-07-06",284.7,"15:06:00",2018-07-06 15:06:00
"4497",41.95897,-122.6084,906,"2018-07-06",285.1,"15:06:00",2018-07-06 15:06:00
"4498",41.95881,-122.60297,906,"2018-07-06",285.6,"15:06:00",2018-07-06 15:06:00
"4499",41.95827,-122.58519,906,"2018-07-06",284.3,"15:06:00",2018-07-06 15:06:00
"4500",41.95807,-122.57841,906,"2018-07-06",285.3,"15:06:00",2018-07-06 15:06:00
"4501",41.95784,-122.57066,906,"2018-07-06",285.3,"15:06:00",2018-07-06 15:06:00
"4502",41.95761,-122.56306,906,"2018-07-06",286.3,"15:06:00",2018-07-06 15:06:00
"4503",41.95742,-122.55666,906,"2018-07-06",286.4,"15:06:00",2018-07-06 15:06:00
"4504",41.95704,-122.54414,906,"2018-07-06",284.3,"15:06:00",2018-07-06 15:06:00
"4507",41.95328,-122.61855,906,"2018-07-06",290.8,"15:06:00",2018-07-06 15:06:00
"4508",41.95314,-122.61395,906,"2018-07-06",286.8,"15:06:00",2018-07-06 15:06:00
"4509",41.95132,-122.55267,906,"2018-07-06",292.7,"15:06:00",2018-07-06 15:06:00
"4510",41.95112,-122.5461,906,"2018-07-06",288.2,"15:06:00",2018-07-06 15:06:00
"4511",41.95092,-122.53969,906,"2018-07-06",285,"15:06:00",2018-07-06 15:06:00
"4513",41.95342,-122.62309,906,"2018-07-06",285.2,"15:06:00",2018-07-06 15:06:00
"4514",41.953,-122.60916,906,"2018-07-06",285.7,"15:06:00",2018-07-06 15:06:00
"4515",41.95285,-122.60404,906,"2018-07-06",284.9,"15:06:00",2018-07-06 15:06:00
"4516",41.95212,-122.57967,906,"2018-07-06",285.1,"15:06:00",2018-07-06 15:06:00
"4517",41.95187,-122.57105,906,"2018-07-06",285.8,"15:06:00",2018-07-06 15:06:00
"4518",41.95166,-122.56396,906,"2018-07-06",286,"15:06:00",2018-07-06 15:06:00
"4519",41.95148,-122.55828,906,"2018-07-06",287.4,"15:06:00",2018-07-06 15:06:00
"4523",41.94725,-122.61732,906,"2018-07-06",288.8,"15:06:00",2018-07-06 15:06:00
"4524",41.94712,-122.61296,906,"2018-07-06",288.9,"15:06:00",2018-07-06 15:06:00
"4525",41.94556,-122.56015,906,"2018-07-06",288.1,"15:06:00",2018-07-06 15:06:00
"4526",41.94538,-122.55426,906,"2018-07-06",288.1,"15:06:00",2018-07-06 15:06:00
"4527",41.9452,-122.5481,906,"2018-07-06",288.7,"15:06:00",2018-07-06 15:06:00
"4528",41.945,-122.54147,906,"2018-07-06",288.6,"15:06:00",2018-07-06 15:06:00
"4533",41.94738,-122.6217,906,"2018-07-06",285.3,"15:06:00",2018-07-06 15:06:00
"4534",41.94699,-122.60859,906,"2018-07-06",286.6,"15:06:00",2018-07-06 15:06:00
"4535",41.9467,-122.59889,906,"2018-07-06",285.2,"15:06:00",2018-07-06 15:06:00
"4536",41.94654,-122.59338,906,"2018-07-06",285.9,"15:06:00",2018-07-06 15:06:00
"4537",41.94595,-122.57347,906,"2018-07-06",285.7,"15:06:00",2018-07-06 15:06:00
"4538",41.94575,-122.56639,906,"2018-07-06",286.2,"15:06:00",2018-07-06 15:06:00
"4539",41.94482,-122.53542,906,"2018-07-06",283.5,"15:06:00",2018-07-06 15:06:00
"4542",41.94112,-122.61248,906,"2018-07-06",287.5,"15:06:00",2018-07-06 15:06:00
"4543",41.94056,-122.59359,906,"2018-07-06",285.9,"15:06:00",2018-07-06 15:06:00
"4544",41.93965,-122.56246,906,"2018-07-06",288.1,"15:06:00",2018-07-06 15:06:00
"4545",41.93946,-122.5562,906,"2018-07-06",287.7,"15:06:00",2018-07-06 15:06:00
"4546",41.93927,-122.54973,906,"2018-07-06",287.5,"15:06:00",2018-07-06 15:06:00
"4547",41.93907,-122.5428,906,"2018-07-06",285.6,"15:06:00",2018-07-06 15:06:00
"4551",41.94099,-122.60803,906,"2018-07-06",287.5,"15:06:00",2018-07-06 15:06:00
"4552",41.9404,-122.5883,906,"2018-07-06",285.6,"15:06:00",2018-07-06 15:06:00
"4553",41.93983,-122.56895,906,"2018-07-06",286.7,"15:06:00",2018-07-06 15:06:00
"4558",41.93512,-122.61224,906,"2018-07-06",285.5,"15:06:00",2018-07-06 15:06:00
"4559",41.93499,-122.6077,906,"2018-07-06",286.2,"15:06:00",2018-07-06 15:06:00
"4560",41.93443,-122.58874,906,"2018-07-06",285.4,"15:06:00",2018-07-06 15:06:00
"4561",41.93427,-122.58322,906,"2018-07-06",285.9,"15:06:00",2018-07-06 15:06:00
"4562",41.93391,-122.5709,906,"2018-07-06",285.8,"15:06:00",2018-07-06 15:06:00
"4563",41.93371,-122.56402,906,"2018-07-06",286.3,"15:06:00",2018-07-06 15:06:00
"4564",41.93351,-122.55698,906,"2018-07-06",284.8,"15:06:00",2018-07-06 15:06:00
"4567",41.929,-122.60783,906,"2018-07-06",289.4,"15:06:00",2018-07-06 15:06:00
"4570",41.92912,-122.61221,906,"2018-07-06",285.1,"15:06:00",2018-07-06 15:06:00
"4571",41.92886,-122.60339,906,"2018-07-06",286.7,"15:06:00",2018-07-06 15:06:00
"4572",41.92873,-122.59885,906,"2018-07-06",286.4,"15:06:00",2018-07-06 15:06:00
"4577",41.92274,-122.59877,906,"2018-07-06",285.9,"15:06:00",2018-07-06 15:06:00
"4596",41.9546,-122.55476,906,"2018-07-06",287.8,"15:06:00",2018-07-06 15:06:00
"4597",41.95437,-122.54845,906,"2018-07-06",288.8,"15:06:00",2018-07-06 15:06:00
"4598",41.95414,-122.54205,906,"2018-07-06",285.1,"15:06:00",2018-07-06 15:06:00
"4601",41.95662,-122.61156,906,"2018-07-06",284.9,"15:06:00",2018-07-06 15:06:00
"4602",41.95644,-122.60635,906,"2018-07-06",285.3,"15:06:00",2018-07-06 15:06:00
"4603",41.95624,-122.60085,906,"2018-07-06",285.9,"15:06:00",2018-07-06 15:06:00
"4604",41.9556,-122.58272,906,"2018-07-06",285,"15:06:00",2018-07-06 15:06:00
"4605",41.95532,-122.57491,906,"2018-07-06",285.4,"15:06:00",2018-07-06 15:06:00
"4606",41.95503,-122.56676,906,"2018-07-06",285.6,"15:06:00",2018-07-06 15:06:00
"4607",41.9548,-122.56031,906,"2018-07-06",286.8,"15:06:00",2018-07-06 15:06:00
"4610",41.95093,-122.62036,906,"2018-07-06",286.3,"15:06:00",2018-07-06 15:06:00
"4611",41.95078,-122.6159,906,"2018-07-06",296,"15:06:00",2018-07-06 15:06:00
"4612",41.94868,-122.55643,906,"2018-07-06",287.4,"15:06:00",2018-07-06 15:06:00
"4613",41.94847,-122.55045,906,"2018-07-06",291,"15:06:00",2018-07-06 15:06:00
"4614",41.94824,-122.54401,906,"2018-07-06",287.5,"15:06:00",2018-07-06 15:06:00
"4615",41.94801,-122.53762,906,"2018-07-06",286,"15:06:00",2018-07-06 15:06:00
"4619",41.95108,-122.62483,906,"2018-07-06",284.5,"15:06:00",2018-07-06 15:06:00
"4620",41.95062,-122.61134,906,"2018-07-06",287,"15:06:00",2018-07-06 15:06:00
"4621",41.95045,-122.60658,906,"2018-07-06",285.8,"15:06:00",2018-07-06 15:06:00
"4622",41.95008,-122.59594,906,"2018-07-06",285.5,"15:06:00",2018-07-06 15:06:00
"4623",41.94939,-122.57648,906,"2018-07-06",285.4,"15:06:00",2018-07-06 15:06:00
"4624",41.94911,-122.56858,906,"2018-07-06",285.9,"15:06:00",2018-07-06 15:06:00
"4625",41.94888,-122.562,906,"2018-07-06",286.9,"15:06:00",2018-07-06 15:06:00
"4628",41.94474,-122.61488,906,"2018-07-06",287.3,"15:06:00",2018-07-06 15:06:00
"4629",41.9446,-122.61057,906,"2018-07-06",288.6,"15:06:00",2018-07-06 15:06:00
"4630",41.94277,-122.55824,906,"2018-07-06",288.3,"15:06:00",2018-07-06 15:06:00
"4631",41.94255,-122.55213,906,"2018-07-06",288.5,"15:06:00",2018-07-06 15:06:00
"4632",41.94233,-122.54571,906,"2018-07-06",289.5,"15:06:00",2018-07-06 15:06:00
"4633",41.94209,-122.53884,906,"2018-07-06",287.6,"15:06:00",2018-07-06 15:06:00
"4637",41.94444,-122.60613,906,"2018-07-06",286.6,"15:06:00",2018-07-06 15:06:00
"4638",41.9441,-122.59631,906,"2018-07-06",285.3,"15:06:00",2018-07-06 15:06:00
"4639",41.94391,-122.59086,906,"2018-07-06",286.1,"15:06:00",2018-07-06 15:06:00
"4640",41.94322,-122.57108,906,"2018-07-06",285.7,"15:06:00",2018-07-06 15:06:00
"4641",41.94299,-122.56441,906,"2018-07-06",287.1,"15:06:00",2018-07-06 15:06:00
"4643",41.93859,-122.61013,906,"2018-07-06",287.1,"15:06:00",2018-07-06 15:06:00
"4644",41.93686,-122.56027,906,"2018-07-06",287.6,"15:06:00",2018-07-06 15:06:00
"4647",41.93843,-122.60553,906,"2018-07-06",286,"15:06:00",2018-07-06 15:06:00
"4648",41.93811,-122.59613,906,"2018-07-06",285.6,"15:06:00",2018-07-06 15:06:00
"4649",41.93793,-122.59117,906,"2018-07-06",285.3,"15:06:00",2018-07-06 15:06:00
"4650",41.93775,-122.58582,906,"2018-07-06",285.9,"15:06:00",2018-07-06 15:06:00
"4651",41.93732,-122.57333,906,"2018-07-06",286.1,"15:06:00",2018-07-06 15:06:00
"4652",41.93709,-122.56676,906,"2018-07-06",287.4,"15:06:00",2018-07-06 15:06:00
"4653",41.93663,-122.55365,906,"2018-07-06",286.3,"15:06:00",2018-07-06 15:06:00
"4654",41.93639,-122.54688,906,"2018-07-06",284.7,"15:06:00",2018-07-06 15:06:00
"4656",41.93259,-122.60999,906,"2018-07-06",286.3,"15:06:00",2018-07-06 15:06:00
"4657",41.93244,-122.60553,906,"2018-07-06",286.9,"15:06:00",2018-07-06 15:06:00
"4661",41.93178,-122.58624,906,"2018-07-06",285.5,"15:06:00",2018-07-06 15:06:00
"4662",41.93159,-122.58068,906,"2018-07-06",285.6,"15:06:00",2018-07-06 15:06:00
"4663",41.92661,-122.61018,906,"2018-07-06",284.8,"15:06:00",2018-07-06 15:06:00
"4664",41.92646,-122.60571,906,"2018-07-06",285.9,"15:06:00",2018-07-06 15:06:00
"4668",41.9263,-122.60114,906,"2018-07-06",286.2,"15:06:00",2018-07-06 15:06:00
"4669",41.92614,-122.59643,906,"2018-07-06",286.1,"15:06:00",2018-07-06 15:06:00
"4672",41.92031,-122.60106,906,"2018-07-06",285,"15:06:00",2018-07-06 15:06:00
"4676",41.90149,-122.57531,906,"2018-07-06",285.6,"15:06:00",2018-07-06 15:06:00
"4686",41.87606,-122.52829,906,"2018-07-06",288,"15:06:00",2018-07-06 15:06:00
"4688",41.87629,-122.5354,906,"2018-07-06",285.8,"15:06:00",2018-07-06 15:06:00
"5623",41.98856,-122.59183,1048,"2018-07-06",284.4,"17:28:00",2018-07-06 17:28:00
"5624",41.98347,-122.59271,1048,"2018-07-06",285.7,"17:28:00",2018-07-06 17:28:00
"5625",41.98153,-122.58535,1048,"2018-07-06",286,"17:28:00",2018-07-06 17:28:00
"5626",41.97837,-122.59356,1048,"2018-07-06",285.4,"17:28:00",2018-07-06 17:28:00
"5627",41.97655,-122.58666,1048,"2018-07-06",286,"17:28:00",2018-07-06 17:28:00
"5628",41.96266,-122.55431,1048,"2018-07-06",288.2,"17:28:00",2018-07-06 17:28:00
"5629",41.9608,-122.54731,1048,"2018-07-06",285.2,"17:28:00",2018-07-06 17:28:00
"5630",41.97337,-122.5948,1048,"2018-07-06",284.9,"17:28:00",2018-07-06 17:28:00
"5631",41.97162,-122.5882,1048,"2018-07-06",284.6,"17:28:00",2018-07-06 17:28:00
"5632",41.96991,-122.58173,1048,"2018-07-06",284.7,"17:28:00",2018-07-06 17:28:00
"5633",41.96661,-122.58941,1048,"2018-07-06",285.4,"17:28:00",2018-07-06 17:28:00
"5634",41.95578,-122.54854,1048,"2018-07-06",287.7,"17:28:00",2018-07-06 17:28:00
"5635",41.95389,-122.5414,1048,"2018-07-06",286,"17:28:00",2018-07-06 17:28:00
"5636",41.96477,-122.58248,1048,"2018-07-06",285.4,"17:28:00",2018-07-06 17:28:00
"5637",41.96282,-122.57511,1048,"2018-07-06",285.6,"17:28:00",2018-07-06 17:28:00
"5638",41.96106,-122.56846,1048,"2018-07-06",285.8,"17:28:00",2018-07-06 17:28:00
"5639",41.95948,-122.5625,1048,"2018-07-06",285.7,"17:28:00",2018-07-06 17:28:00
"5640",41.95767,-122.55566,1048,"2018-07-06",285.4,"17:28:00",2018-07-06 17:28:00
"5641",41.95076,-122.54977,1048,"2018-07-06",288.1,"17:28:00",2018-07-06 17:28:00
"5642",41.95798,-122.57698,1048,"2018-07-06",285.7,"17:28:00",2018-07-06 17:28:00
"5643",41.95637,-122.5709,1048,"2018-07-06",286.2,"17:28:00",2018-07-06 17:28:00
"5644",41.95474,-122.56477,1048,"2018-07-06",284.4,"17:28:00",2018-07-06 17:28:00
"5645",41.95272,-122.55717,1048,"2018-07-06",285.9,"17:28:00",2018-07-06 17:28:00
"5646",41.9489,-122.54277,1048,"2018-07-06",285.6,"17:28:00",2018-07-06 17:28:00
"5647",41.94695,-122.53544,1048,"2018-07-06",284.5,"17:28:00",2018-07-06 17:28:00
"5648",41.94214,-122.53748,1048,"2018-07-06",287.2,"17:28:00",2018-07-06 17:28:00
"5649",41.95148,-122.57263,1048,"2018-07-06",285.9,"17:28:00",2018-07-06 17:28:00
"5650",41.94976,-122.56613,1048,"2018-07-06",285.1,"17:28:00",2018-07-06 17:28:00
"5651",41.9478,-122.55875,1048,"2018-07-06",285.9,"17:28:00",2018-07-06 17:28:00
"5652",41.9458,-122.55125,1048,"2018-07-06",285.9,"17:28:00",2018-07-06 17:28:00
"5653",41.94393,-122.54422,1048,"2018-07-06",286.1,"17:28:00",2018-07-06 17:28:00
"5654",41.94086,-122.55276,1048,"2018-07-06",286.9,"17:28:00",2018-07-06 17:28:00
"5655",41.95592,-122.60944,1048,"2018-07-06",285.2,"17:28:00",2018-07-06 17:28:00
"5656",41.9428,-122.56007,1048,"2018-07-06",286,"17:28:00",2018-07-06 17:28:00
"5657",41.93902,-122.54586,1048,"2018-07-06",285.6,"17:28:00",2018-07-06 17:28:00
"5658",41.95136,-122.61234,1048,"2018-07-06",287,"17:28:00",2018-07-06 17:28:00
"5659",41.93597,-122.5545,1048,"2018-07-06",287.6,"17:28:00",2018-07-06 17:28:00
"5660",41.9536,-122.62077,1048,"2018-07-06",285.3,"17:28:00",2018-07-06 17:28:00
"5661",41.94918,-122.60416,1048,"2018-07-06",284.4,"17:28:00",2018-07-06 17:28:00
"5662",41.94712,-122.59639,1048,"2018-07-06",284.8,"17:28:00",2018-07-06 17:28:00
"5663",41.93779,-122.56133,1048,"2018-07-06",286.6,"17:28:00",2018-07-06 17:28:00
"5664",41.9342,-122.54788,1048,"2018-07-06",283.7,"17:28:00",2018-07-06 17:28:00
"5665",41.94938,-122.62492,1048,"2018-07-06",287.1,"17:28:00",2018-07-06 17:28:00
"5666",41.94708,-122.61626,1048,"2018-07-06",295.1,"17:28:00",2018-07-06 17:28:00
"5667",41.94471,-122.60738,1048,"2018-07-06",286.2,"17:28:00",2018-07-06 17:28:00
"5668",41.9404,-122.59122,1048,"2018-07-06",284.8,"17:28:00",2018-07-06 17:28:00
"5669",41.96214,-122.55294,1048,"2018-07-06",289.8,"17:28:00",2018-07-06 17:28:00
"5670",41.97094,-122.58695,1048,"2018-07-06",284.8,"17:28:00",2018-07-06 17:28:00
"5671",41.96028,-122.54572,1048,"2018-07-06",284,"17:28:00",2018-07-06 17:28:00
"5672",41.9659,-122.58806,1048,"2018-07-06",285.3,"17:28:00",2018-07-06 17:28:00
"5673",41.9553,-122.54707,1048,"2018-07-06",287.8,"17:28:00",2018-07-06 17:28:00
"5674",41.95344,-122.53989,1048,"2018-07-06",285.3,"17:28:00",2018-07-06 17:28:00
"5675",41.97161,-122.61013,1048,"2018-07-06",284.1,"17:28:00",2018-07-06 17:28:00
"5676",41.9641,-122.58106,1048,"2018-07-06",285.5,"17:28:00",2018-07-06 17:28:00
"5677",41.96219,-122.57366,1048,"2018-07-06",285.3,"17:28:00",2018-07-06 17:28:00
"5678",41.96055,-122.56734,1048,"2018-07-06",285.8,"17:28:00",2018-07-06 17:28:00
"5679",41.95896,-122.56123,1048,"2018-07-06",285.5,"17:28:00",2018-07-06 17:28:00
"5680",41.95714,-122.55419,1048,"2018-07-06",285.5,"17:28:00",2018-07-06 17:28:00
"5681",41.9503,-122.54833,1048,"2018-07-06",287.7,"17:28:00",2018-07-06 17:28:00
"5682",41.96679,-122.61205,1048,"2018-07-06",284.2,"17:28:00",2018-07-06 17:28:00
"5683",41.95741,-122.57578,1048,"2018-07-06",285.6,"17:28:00",2018-07-06 17:28:00
"5684",41.95586,-122.56981,1048,"2018-07-06",285.9,"17:28:00",2018-07-06 17:28:00
"5685",41.95417,-122.56332,1048,"2018-07-06",284.5,"17:28:00",2018-07-06 17:28:00
"5686",41.95217,-122.55557,1048,"2018-07-06",286.5,"17:28:00",2018-07-06 17:28:00
"5687",41.94849,-122.54135,1048,"2018-07-06",285.5,"17:28:00",2018-07-06 17:28:00
"5688",41.9465,-122.53371,1048,"2018-07-06",284.2,"17:28:00",2018-07-06 17:28:00
"5689",41.94174,-122.53593,1048,"2018-07-06",286.7,"17:28:00",2018-07-06 17:28:00
"5690",41.95095,-122.57142,1048,"2018-07-06",285.9,"17:28:00",2018-07-06 17:28:00
"5691",41.94922,-122.56475,1048,"2018-07-06",284.9,"17:28:00",2018-07-06 17:28:00
"5692",41.94727,-122.55721,1048,"2018-07-06",286.2,"17:28:00",2018-07-06 17:28:00
"5693",41.94534,-122.54978,1048,"2018-07-06",285.8,"17:28:00",2018-07-06 17:28:00
"5694",41.94353,-122.54283,1048,"2018-07-06",286.4,"17:28:00",2018-07-06 17:28:00
"5695",41.95513,-122.60804,1048,"2018-07-06",285,"17:28:00",2018-07-06 17:28:00
"5696",41.94229,-122.55858,1048,"2018-07-06",286.2,"17:28:00",2018-07-06 17:28:00
"5697",41.94041,-122.55134,1048,"2018-07-06",287,"17:28:00",2018-07-06 17:28:00
"5698",41.93863,-122.54451,1048,"2018-07-06",285.4,"17:28:00",2018-07-06 17:28:00
"5699",41.95057,-122.61102,1048,"2018-07-06",287.3,"17:28:00",2018-07-06 17:28:00
"5700",41.93554,-122.55315,1048,"2018-07-06",287.2,"17:28:00",2018-07-06 17:28:00
"5701",41.95277,-122.61951,1048,"2018-07-06",286.5,"17:28:00",2018-07-06 17:28:00
"5702",41.94844,-122.60278,1048,"2018-07-06",284.4,"17:28:00",2018-07-06 17:28:00
"5703",41.94643,-122.59506,1048,"2018-07-06",284.8,"17:28:00",2018-07-06 17:28:00
"5704",41.93914,-122.56698,1048,"2018-07-06",285.6,"17:28:00",2018-07-06 17:28:00
"5705",41.93731,-122.55996,1048,"2018-07-06",286.2,"17:28:00",2018-07-06 17:28:00
"5706",41.94854,-122.6237,1048,"2018-07-06",289.4,"17:28:00",2018-07-06 17:28:00
"5707",41.94626,-122.6149,1048,"2018-07-06",292.2,"17:28:00",2018-07-06 17:28:00
"5708",41.94394,-122.60595,1048,"2018-07-06",286,"17:28:00",2018-07-06 17:28:00
"5709",41.9418,-122.59773,1048,"2018-07-06",284.1,"17:28:00",2018-07-06 17:28:00
"5710",41.93975,-122.58982,1048,"2018-07-06",284.7,"17:28:00",2018-07-06 17:28:00
"5711",41.93952,-122.60945,1048,"2018-07-06",287.1,"17:28:00",2018-07-06 17:28:00
"5712",41.94187,-122.61849,1048,"2018-07-06",285.4,"17:28:00",2018-07-06 17:28:00
"5713",41.93306,-122.58457,1048,"2018-07-06",284.7,"17:28:00",2018-07-06 17:28:00
"5714",41.93504,-122.61269,1048,"2018-07-06",285.4,"17:28:00",2018-07-06 17:28:00
"5715",41.93271,-122.60373,1048,"2018-07-06",286.1,"17:28:00",2018-07-06 17:28:00
"5716",41.92815,-122.60667,1048,"2018-07-06",285.5,"17:28:00",2018-07-06 17:28:00
"5717",41.92586,-122.59786,1048,"2018-07-06",285.5,"17:28:00",2018-07-06 17:28:00
"5718",41.87936,-122.52241,1048,"2018-07-06",285,"17:28:00",2018-07-06 17:28:00
"5719",41.8748,-122.52544,1048,"2018-07-06",286.1,"17:28:00",2018-07-06 17:28:00
"5720",41.87641,-122.53156,1048,"2018-07-06",285.6,"17:28:00",2018-07-06 17:28:00
"6660",41.93199,-122.54551,2030,"2018-07-06",293.2,"09:50:00",2018-07-06 09:50:00
"6661",41.93312,-122.54037,2030,"2018-07-06",285.1,"09:50:00",2018-07-06 09:50:00
"6662",41.93086,-122.55061,2030,"2018-07-06",283.5,"09:50:00",2018-07-06 09:50:00
"6663",41.9297,-122.55592,2030,"2018-07-06",266.6,"09:50:00",2018-07-06 09:50:00
"6664",41.93938,-122.53179,2030,"2018-07-06",287.9,"09:50:00",2018-07-06 09:50:00
"6665",41.93829,-122.53671,2030,"2018-07-06",292.9,"09:50:00",2018-07-06 09:50:00
"6666",41.93714,-122.54201,2030,"2018-07-06",285.3,"09:50:00",2018-07-06 09:50:00
"6667",41.93596,-122.54735,2030,"2018-07-06",283.1,"09:50:00",2018-07-06 09:50:00
"6668",41.93483,-122.5525,2030,"2018-07-06",277.7,"09:50:00",2018-07-06 09:50:00
"6669",41.93368,-122.55773,2030,"2018-07-06",267.1,"09:50:00",2018-07-06 09:50:00
"6670",41.93485,-122.53903,2030,"2018-07-06",283.6,"09:50:00",2018-07-06 09:50:00
"6671",41.93368,-122.54422,2030,"2018-07-06",286.9,"09:50:00",2018-07-06 09:50:00
"6672",41.93251,-122.54937,2030,"2018-07-06",291.6,"09:50:00",2018-07-06 09:50:00
"6673",41.93135,-122.5545,2030,"2018-07-06",272.1,"09:50:00",2018-07-06 09:50:00
"6674",41.94113,-122.53063,2030,"2018-07-06",284.8,"09:50:00",2018-07-06 09:50:00
"6675",41.94005,-122.53541,2030,"2018-07-06",294.4,"09:50:00",2018-07-06 09:50:00
"6676",41.93888,-122.54059,2030,"2018-07-06",283.8,"09:50:00",2018-07-06 09:50:00
"6677",41.93765,-122.54604,2030,"2018-07-06",279.6,"09:50:00",2018-07-06 09:50:00
"6678",41.93648,-122.55122,2030,"2018-07-06",276.8,"09:50:00",2018-07-06 09:50:00
"6679",41.93531,-122.5564,2030,"2018-07-06",267.6,"09:50:00",2018-07-06 09:50:00
"6680",41.94619,-122.5276,2030,"2018-07-06",277.6,"09:50:00",2018-07-06 09:50:00
"6681",41.94408,-122.53696,2030,"2018-07-06",277.9,"09:50:00",2018-07-06 09:50:00
"6682",41.94516,-122.5322,2030,"2018-07-06",284,"09:50:00",2018-07-06 09:50:00
"6683",41.95025,-122.52901,2030,"2018-07-06",273.3,"09:50:00",2018-07-06 09:50:00
"6684",41.94923,-122.53354,2030,"2018-07-06",274.1,"09:50:00",2018-07-06 09:50:00
"6685",41.95333,-122.5348,2030,"2018-07-06",265.1,"09:50:00",2018-07-06 09:50:00
"6701",41.93561,-122.60818,2212,"2018-07-06",273.1,"12:52:00",2018-07-06 12:52:00
"6702",41.93933,-122.53632,2212,"2018-07-06",281.5,"12:52:00",2018-07-06 12:52:00
"6703",41.93931,-122.52699,2212,"2018-07-06",289.3,"12:52:00",2018-07-06 12:52:00
"6704",41.96062,-122.52735,2212,"2018-07-06",310.7,"12:52:00",2018-07-06 12:52:00
"6705",41.96064,-122.53963,2212,"2018-07-06",295.1,"12:52:00",2018-07-06 12:52:00
"6706",41.96773,-122.54095,2212,"2018-07-06",292.4,"12:52:00",2018-07-06 12:52:00
"6707",41.96772,-122.519,2212,"2018-07-06",290.3,"12:52:00",2018-07-06 12:52:00
"6708",41.96773,-122.52873,2212,"2018-07-06",308.6,"12:52:00",2018-07-06 12:52:00
"6709",41.96774,-122.54982,2212,"2018-07-06",285.9,"12:52:00",2018-07-06 12:52:00
"6710",41.96775,-122.55649,2212,"2018-07-06",276.6,"12:52:00",2018-07-06 12:52:00
"6711",41.96775,-122.56295,2212,"2018-07-06",274.8,"12:52:00",2018-07-06 12:52:00
"6712",41.96776,-122.57105,2212,"2018-07-06",273.6,"12:52:00",2018-07-06 12:52:00
"6713",41.97483,-122.54176,2212,"2018-07-06",300.6,"12:52:00",2018-07-06 12:52:00
"6714",41.97484,-122.54929,2212,"2018-07-06",307.3,"12:52:00",2018-07-06 12:52:00
"6715",41.97483,-122.53148,2212,"2018-07-06",297.1,"12:52:00",2018-07-06 12:52:00
"6716",41.97485,-122.56235,2212,"2018-07-06",292,"12:52:00",2018-07-06 12:52:00
"6717",41.97485,-122.58282,2212,"2018-07-06",273.3,"12:52:00",2018-07-06 12:52:00
"6718",41.97483,-122.52122,2212,"2018-07-06",286.1,"12:52:00",2018-07-06 12:52:00
"6719",41.97485,-122.57349,2212,"2018-07-06",283.3,"12:52:00",2018-07-06 12:52:00
"6720",41.98193,-122.52243,2212,"2018-07-06",293.2,"12:52:00",2018-07-06 12:52:00
"6721",41.98194,-122.5631,2212,"2018-07-06",302.3,"12:52:00",2018-07-06 12:52:00
"6722",41.98193,-122.5106,2212,"2018-07-06",287.6,"12:52:00",2018-07-06 12:52:00
"6723",41.98194,-122.55514,2212,"2018-07-06",294.4,"12:52:00",2018-07-06 12:52:00
"6724",41.98193,-122.58421,2212,"2018-07-06",274,"12:52:00",2018-07-06 12:52:00
"6725",41.98193,-122.533,2212,"2018-07-06",310.6,"12:52:00",2018-07-06 12:52:00
"6726",41.98904,-122.52231,2212,"2018-07-06",297,"12:52:00",2018-07-06 12:52:00
"6727",41.98903,-122.56499,2212,"2018-07-06",293.5,"12:52:00",2018-07-06 12:52:00
"6728",41.98902,-122.578,2212,"2018-07-06",289.8,"12:52:00",2018-07-06 12:52:00
"6729",41.98904,-122.50992,2212,"2018-07-06",284.5,"12:52:00",2018-07-06 12:52:00
"6730",41.98904,-122.53314,2212,"2018-07-06",318.5,"12:52:00",2018-07-06 12:52:00
"6731",41.98903,-122.5413,2212,"2018-07-06",297.2,"12:52:00",2018-07-06 12:52:00
"6732",41.98903,-122.54869,2212,"2018-07-06",280.6,"12:52:00",2018-07-06 12:52:00
"6733",41.98903,-122.556,2212,"2018-07-06",286.1,"12:52:00",2018-07-06 12:52:00
"6734",41.98901,-122.58694,2212,"2018-07-06",275.2,"12:52:00",2018-07-06 12:52:00
"6735",41.99612,-122.56754,2212,"2018-07-06",296.6,"12:52:00",2018-07-06 12:52:00
"6736",41.99615,-122.49957,2212,"2018-07-06",281.9,"12:52:00",2018-07-06 12:52:00
"6737",41.99615,-122.51261,2212,"2018-07-06",283.1,"12:52:00",2018-07-06 12:52:00
"6738",41.99614,-122.53423,2212,"2018-07-06",290,"12:52:00",2018-07-06 12:52:00
"6739",41.99613,-122.54994,2212,"2018-07-06",282.6,"12:52:00",2018-07-06 12:52:00
"6740",41.99613,-122.55694,2212,"2018-07-06",282.6,"12:52:00",2018-07-06 12:52:00
"6741",41.9961,-122.58891,2212,"2018-07-06",274.9,"12:52:00",2018-07-06 12:52:00
"6742",41.99614,-122.5244,2212,"2018-07-06",284.1,"12:52:00",2018-07-06 12:52:00
"6743",41.99613,-122.54298,2212,"2018-07-06",286.7,"12:52:00",2018-07-06 12:52:00
"6744",41.99611,-122.57959,2212,"2018-07-06",286.8,"12:52:00",2018-07-06 12:52:00
"6746",41.97773,-122.5234,2212,"2018-07-06",291.5,"12:52:00",2018-07-06 12:52:00
"6747",41.97794,-122.56366,2212,"2018-07-06",293.2,"12:52:00",2018-07-06 12:52:00
"6748",41.97804,-122.58404,2212,"2018-07-06",272.6,"12:52:00",2018-07-06 12:52:00
"6749",41.978,-122.57589,2212,"2018-07-06",289.4,"12:52:00",2018-07-06 12:52:00
"6750",41.98484,-122.5235,2212,"2018-07-06",297.7,"12:52:00",2018-07-06 12:52:00
"6751",41.98504,-122.56519,2212,"2018-07-06",298.3,"12:52:00",2018-07-06 12:52:00
"6752",41.98478,-122.51126,2212,"2018-07-06",286.9,"12:52:00",2018-07-06 12:52:00
"6753",41.98497,-122.5494,2212,"2018-07-06",295.9,"12:52:00",2018-07-06 12:52:00
"6754",41.98514,-122.58642,2212,"2018-07-06",273.5,"12:52:00",2018-07-06 12:52:00
"6755",41.9849,-122.534,2212,"2018-07-06",308.6,"12:52:00",2018-07-06 12:52:00
"6756",41.985,-122.55642,2212,"2018-07-06",288.5,"12:52:00",2018-07-06 12:52:00
"6757",41.99196,-122.5248,2212,"2018-07-06",291,"12:52:00",2018-07-06 12:52:00
"6758",41.99215,-122.56779,2212,"2018-07-06",299.8,"12:52:00",2018-07-06 12:52:00
"6759",41.9922,-122.58004,2212,"2018-07-06",289.4,"12:52:00",2018-07-06 12:52:00
"6760",41.99224,-122.58923,2212,"2018-07-06",275.6,"12:52:00",2018-07-06 12:52:00
"6761",41.9919,-122.51263,2212,"2018-07-06",284.5,"12:52:00",2018-07-06 12:52:00
"6762",41.992,-122.53473,2212,"2018-07-06",316.4,"12:52:00",2018-07-06 12:52:00
"6763",41.99204,-122.54302,2212,"2018-07-06",296.1,"12:52:00",2018-07-06 12:52:00
"6764",41.99207,-122.55015,2212,"2018-07-06",280.7,"12:52:00",2018-07-06 12:52:00
"6765",41.9921,-122.55737,2212,"2018-07-06",285.1,"12:52:00",2018-07-06 12:52:00
"6766",41.99921,-122.55863,2212,"2018-07-06",277,"12:52:00",2018-07-06 12:52:00
"6767",41.99929,-122.58146,2212,"2018-07-06",275.2,"12:52:00",2018-07-06 12:52:00
"6768",41.99926,-122.57111,2212,"2018-07-06",281.5,"12:52:00",2018-07-06 12:52:00
"7456",41.99802,-122.49471,1030,"2018-07-07",287.6,"17:10:00",2018-07-07 17:10:00
"7460",41.99958,-122.50179,1030,"2018-07-07",285.9,"17:10:00",2018-07-07 17:10:00
"7461",41.99501,-122.48102,1030,"2018-07-07",285.8,"17:10:00",2018-07-07 17:10:00
"7462",41.99349,-122.47411,1030,"2018-07-07",284.8,"17:10:00",2018-07-07 17:10:00
"7468",41.99888,-122.51756,1030,"2018-07-07",288.4,"17:10:00",2018-07-07 17:10:00
"7469",41.99263,-122.48914,1030,"2018-07-07",290.2,"17:10:00",2018-07-07 17:10:00
"7470",41.99112,-122.48232,1030,"2018-07-07",301.1,"17:10:00",2018-07-07 17:10:00
"7471",41.9896,-122.47544,1030,"2018-07-07",295.2,"17:10:00",2018-07-07 17:10:00
"7474",41.99417,-122.49619,1030,"2018-07-07",285.6,"17:10:00",2018-07-07 17:10:00
"7475",41.98811,-122.46863,1030,"2018-07-07",284.2,"17:10:00",2018-07-07 17:10:00
"7482",41.99663,-122.52625,1030,"2018-07-07",285.4,"17:10:00",2018-07-07 17:10:00
"7483",41.99509,-122.51926,1030,"2018-07-07",284,"17:10:00",2018-07-07 17:10:00
"7484",41.9919,-122.5048,1030,"2018-07-07",285.9,"17:10:00",2018-07-07 17:10:00
"7485",41.98875,-122.49055,1030,"2018-07-07",285.3,"17:10:00",2018-07-07 17:10:00
"7486",41.98725,-122.4837,1030,"2018-07-07",286.2,"17:10:00",2018-07-07 17:10:00
"7487",41.98576,-122.47691,1030,"2018-07-07",285.9,"17:10:00",2018-07-07 17:10:00
"7488",41.98427,-122.47017,1030,"2018-07-07",285.4,"17:10:00",2018-07-07 17:10:00
"7495",41.99911,-122.49398,1030,"2018-07-07",289.6,"17:10:00",2018-07-07 17:10:00
"7504",41.99982,-122.51679,1030,"2018-07-07",287.9,"17:10:00",2018-07-07 17:10:00
"7505",41.99376,-122.48843,1030,"2018-07-07",288.7,"17:10:00",2018-07-07 17:10:00
"7506",41.9923,-122.48161,1030,"2018-07-07",301.1,"17:10:00",2018-07-07 17:10:00
"7507",41.99082,-122.4747,1030,"2018-07-07",294.6,"17:10:00",2018-07-07 17:10:00
"7513",41.98989,-122.48981,1030,"2018-07-07",285.9,"17:10:00",2018-07-07 17:10:00
"7514",41.98842,-122.48294,1030,"2018-07-07",287.2,"17:10:00",2018-07-07 17:10:00
"7515",41.98696,-122.47614,1030,"2018-07-07",287.3,"17:10:00",2018-07-07 17:10:00
"7518",41.99753,-122.52557,1030,"2018-07-07",286.1,"17:10:00",2018-07-07 17:10:00
"7519",41.99604,-122.51861,1030,"2018-07-07",285.4,"17:10:00",2018-07-07 17:10:00
"7520",41.9855,-122.46934,1030,"2018-07-07",285.6,"17:10:00",2018-07-07 17:10:00
"7521",41.99921,-122.55284,1030,"2018-07-07",290,"17:10:00",2018-07-07 17:10:00
"7522",41.99794,-122.54691,1030,"2018-07-07",287.7,"17:10:00",2018-07-07 17:10:00
"7523",41.98022,-122.46421,1030,"2018-07-07",287,"17:10:00",2018-07-07 17:10:00
"7526",41.98314,-122.47779,1030,"2018-07-07",285.5,"17:10:00",2018-07-07 17:10:00
"7527",41.98167,-122.47093,1030,"2018-07-07",286.4,"17:10:00",2018-07-07 17:10:00
"7528",41.99533,-122.55407,1030,"2018-07-07",291.3,"17:10:00",2018-07-07 17:10:00
"7529",41.99403,-122.54802,1030,"2018-07-07",287.2,"17:10:00",2018-07-07 17:10:00
"7530",41.97639,-122.46578,1030,"2018-07-07",290.8,"17:10:00",2018-07-07 17:10:00
"7532",41.99672,-122.56057,1030,"2018-07-07",285.7,"17:10:00",2018-07-07 17:10:00
"7533",41.98983,-122.52844,1030,"2018-07-07",284.1,"17:10:00",2018-07-07 17:10:00
"7534",41.97934,-122.47954,1030,"2018-07-07",284.4,"17:10:00",2018-07-07 17:10:00
"7535",41.97785,-122.47257,1030,"2018-07-07",286.7,"17:10:00",2018-07-07 17:10:00
"7536",41.9749,-122.45889,1030,"2018-07-07",284.2,"17:10:00",2018-07-07 17:10:00
"7537",41.99144,-122.55531,1030,"2018-07-07",286.3,"17:10:00",2018-07-07 17:10:00
"7538",41.99878,-122.58956,1030,"2018-07-07",284.1,"17:10:00",2018-07-07 17:10:00
"7539",41.99742,-122.58324,1030,"2018-07-07",284.7,"17:10:00",2018-07-07 17:10:00
"7540",41.99011,-122.5491,1030,"2018-07-07",286.5,"17:10:00",2018-07-07 17:10:00
"7541",41.97404,-122.47428,1030,"2018-07-07",286.3,"17:10:00",2018-07-07 17:10:00
"7542",41.97256,-122.46741,1030,"2018-07-07",285.2,"17:10:00",2018-07-07 17:10:00
"7543",41.97106,-122.46043,1030,"2018-07-07",285,"17:10:00",2018-07-07 17:10:00
"7544",41.98756,-122.55657,1030,"2018-07-07",287.5,"17:10:00",2018-07-07 17:10:00
"7545",41.98898,-122.56314,1030,"2018-07-07",286.2,"17:10:00",2018-07-07 17:10:00
"7546",41.98067,-122.52451,1030,"2018-07-07",284.8,"17:10:00",2018-07-07 17:10:00
"7547",41.97323,-122.48991,1030,"2018-07-07",284.9,"17:10:00",2018-07-07 17:10:00
"7548",41.97172,-122.48287,1030,"2018-07-07",285.7,"17:10:00",2018-07-07 17:10:00
"7549",41.96722,-122.46198,1030,"2018-07-07",284.4,"17:10:00",2018-07-07 17:10:00
"7550",41.98668,-122.57182,1030,"2018-07-07",284.8,"17:10:00",2018-07-07 17:10:00
"7551",41.9851,-122.56445,1030,"2018-07-07",285.9,"17:10:00",2018-07-07 17:10:00
"7552",41.98368,-122.55783,1030,"2018-07-07",285.3,"17:10:00",2018-07-07 17:10:00
"7553",41.98109,-122.54585,1030,"2018-07-07",284.6,"17:10:00",2018-07-07 17:10:00
"7554",41.96943,-122.4916,1030,"2018-07-07",284,"17:10:00",2018-07-07 17:10:00
"7555",41.9679,-122.48453,1030,"2018-07-07",284.6,"17:10:00",2018-07-07 17:10:00
"7556",41.96997,-122.51349,1030,"2018-07-07",284.9,"17:10:00",2018-07-07 17:10:00
"7557",41.95954,-122.46511,1030,"2018-07-07",284,"17:10:00",2018-07-07 17:10:00
"7558",41.97594,-122.56045,1030,"2018-07-07",284.8,"17:10:00",2018-07-07 17:10:00
"7559",41.96603,-122.51451,1030,"2018-07-07",284.9,"17:10:00",2018-07-07 17:10:00
"7560",41.95181,-122.46799,1030,"2018-07-07",286,"17:10:00",2018-07-07 17:10:00
"7561",41.95032,-122.4611,1030,"2018-07-07",285.7,"17:10:00",2018-07-07 17:10:00
"7562",41.97121,-122.57707,1030,"2018-07-07",284.9,"17:10:00",2018-07-07 17:10:00
"7563",41.95675,-122.51011,1030,"2018-07-07",285.5,"17:10:00",2018-07-07 17:10:00
"7564",41.94792,-122.46931,1030,"2018-07-07",285.5,"17:10:00",2018-07-07 17:10:00
"7565",41.94642,-122.46238,1030,"2018-07-07",285.8,"17:10:00",2018-07-07 17:10:00
"7566",41.94496,-122.45565,1030,"2018-07-07",285.1,"17:10:00",2018-07-07 17:10:00
"7567",41.94406,-122.47077,1030,"2018-07-07",288.3,"17:10:00",2018-07-07 17:10:00
"7568",41.96728,-122.57812,1030,"2018-07-07",286.1,"17:10:00",2018-07-07 17:10:00
"7569",41.96577,-122.57116,1030,"2018-07-07",286.6,"17:10:00",2018-07-07 17:10:00
"7570",41.95586,-122.52526,1030,"2018-07-07",286.3,"17:10:00",2018-07-07 17:10:00
"7571",41.95285,-122.51134,1030,"2018-07-07",284.8,"17:10:00",2018-07-07 17:10:00
"7572",41.95202,-122.52676,1030,"2018-07-07",285.6,"17:10:00",2018-07-07 17:10:00
"7573",41.9505,-122.51973,1030,"2018-07-07",286.3,"17:10:00",2018-07-07 17:10:00
"7574",41.94755,-122.50613,1030,"2018-07-07",285.8,"17:10:00",2018-07-07 17:10:00
"7575",41.94024,-122.47241,1030,"2018-07-07",285.5,"17:10:00",2018-07-07 17:10:00
"7576",41.93876,-122.46561,1030,"2018-07-07",285.1,"17:10:00",2018-07-07 17:10:00
"7577",41.94369,-122.50756,1030,"2018-07-07",287,"17:10:00",2018-07-07 17:10:00
"7578",41.94223,-122.50079,1030,"2018-07-07",288.3,"17:10:00",2018-07-07 17:10:00
"7579",41.93492,-122.46718,1030,"2018-07-07",287.3,"17:10:00",2018-07-07 17:10:00
"7580",41.94818,-122.52825,1030,"2018-07-07",284.7,"17:10:00",2018-07-07 17:10:00
"7581",41.94667,-122.52129,1030,"2018-07-07",285.7,"17:10:00",2018-07-07 17:10:00
"7582",41.94076,-122.49403,1030,"2018-07-07",286.1,"17:10:00",2018-07-07 17:10:00
"7583",41.93933,-122.48749,1030,"2018-07-07",285.9,"17:10:00",2018-07-07 17:10:00
"7584",41.93642,-122.47406,1030,"2018-07-07",285.2,"17:10:00",2018-07-07 17:10:00
"7585",41.9369,-122.49552,1030,"2018-07-07",286.3,"17:10:00",2018-07-07 17:10:00
"7586",41.93548,-122.48899,1030,"2018-07-07",288.2,"17:10:00",2018-07-07 17:10:00
"7587",41.93405,-122.48241,1030,"2018-07-07",287.2,"17:10:00",2018-07-07 17:10:00
"7588",41.93259,-122.47568,1030,"2018-07-07",285.5,"17:10:00",2018-07-07 17:10:00
"7589",41.93108,-122.46873,1030,"2018-07-07",287.2,"17:10:00",2018-07-07 17:10:00
"7590",41.93162,-122.49043,1030,"2018-07-07",287.1,"17:10:00",2018-07-07 17:10:00
"7591",41.9302,-122.48389,1030,"2018-07-07",288.3,"17:10:00",2018-07-07 17:10:00
"7592",41.92721,-122.47015,1030,"2018-07-07",289.1,"17:10:00",2018-07-07 17:10:00
"7593",41.92875,-122.47722,1030,"2018-07-07",286.1,"17:10:00",2018-07-07 17:10:00
"7594",41.92483,-122.47843,1030,"2018-07-07",286.3,"17:10:00",2018-07-07 17:10:00
"7595",41.92329,-122.4714,1030,"2018-07-07",285.6,"17:10:00",2018-07-07 17:10:00
"7596",41.94773,-122.62209,1030,"2018-07-07",287.3,"17:10:00",2018-07-07 17:10:00
"7597",41.94405,-122.62419,1030,"2018-07-07",287.2,"17:10:00",2018-07-07 17:10:00
"7598",41.94031,-122.62609,1030,"2018-07-07",287.1,"17:10:00",2018-07-07 17:10:00
"7599",41.93869,-122.61863,1030,"2018-07-07",287.7,"17:10:00",2018-07-07 17:10:00
"7600",41.93656,-122.62792,1030,"2018-07-07",285.3,"17:10:00",2018-07-07 17:10:00
"7601",41.93495,-122.62051,1030,"2018-07-07",288.3,"17:10:00",2018-07-07 17:10:00
"7602",41.93121,-122.62238,1030,"2018-07-07",287.5,"17:10:00",2018-07-07 17:10:00
"7603",41.92957,-122.6149,1030,"2018-07-07",287.3,"17:10:00",2018-07-07 17:10:00
"7604",41.92739,-122.62389,1030,"2018-07-07",289.8,"17:10:00",2018-07-07 17:10:00
"7605",41.92577,-122.61647,1030,"2018-07-07",288.1,"17:10:00",2018-07-07 17:10:00
"7606",41.92896,-122.63109,1030,"2018-07-07",284.9,"17:10:00",2018-07-07 17:10:00
"7607",41.92192,-122.61789,1030,"2018-07-07",286.5,"17:10:00",2018-07-07 17:10:00
"7608",41.92348,-122.62501,1030,"2018-07-07",285.6,"17:10:00",2018-07-07 17:10:00
"7609",41.92479,-122.62546,1030,"2018-07-07",287.4,"17:10:00",2018-07-07 17:10:00
"7610",41.92326,-122.61823,1030,"2018-07-07",288.8,"17:10:00",2018-07-07 17:10:00
"8976",41.94024,-122.50134,2012,"2018-07-07",307.9,"09:32:00",2018-07-07 09:32:00
"9364",41.92473,-122.45458,2012,"2018-07-07",322.9,"09:32:00",2018-07-07 09:32:00
"9365",41.92361,-122.45876,2012,"2018-07-07",323.9,"09:32:00",2018-07-07 09:32:00
"9366",41.92247,-122.46297,2012,"2018-07-07",320.3,"09:32:00",2018-07-07 09:32:00
"9367",41.92141,-122.46692,2012,"2018-07-07",325.9,"09:32:00",2018-07-07 09:32:00
"9368",41.92038,-122.47077,2012,"2018-07-07",309.9,"09:32:00",2018-07-07 09:32:00
"9369",41.92986,-122.45638,2012,"2018-07-07",313.7,"09:32:00",2018-07-07 09:32:00
"9370",41.92765,-122.46457,2012,"2018-07-07",315.3,"09:32:00",2018-07-07 09:32:00
"9371",41.92342,-122.48029,2012,"2018-07-07",311.8,"09:32:00",2018-07-07 09:32:00
"9372",41.92227,-122.48458,2012,"2018-07-07",335.6,"09:32:00",2018-07-07 09:32:00
"9373",41.92662,-122.46841,2012,"2018-07-07",312.4,"09:32:00",2018-07-07 09:32:00
"9374",41.92118,-122.48865,2012,"2018-07-07",311.4,"09:32:00",2018-07-07 09:32:00
"9375",41.93586,-122.45494,2012,"2018-07-07",322,"09:32:00",2018-07-07 09:32:00
"9376",41.93275,-122.46649,2012,"2018-07-07",316.2,"09:32:00",2018-07-07 09:32:00
"9377",41.92743,-122.48629,2012,"2018-07-07",314.9,"09:32:00",2018-07-07 09:32:00
"9378",41.93687,-122.45118,2012,"2018-07-07",303.9,"09:32:00",2018-07-07 09:32:00
"9379",41.93483,-122.45876,2012,"2018-07-07",318,"09:32:00",2018-07-07 09:32:00
"9380",41.93378,-122.46267,2012,"2018-07-07",316.5,"09:32:00",2018-07-07 09:32:00
"9381",41.9263,-122.49049,2012,"2018-07-07",336.5,"09:32:00",2018-07-07 09:32:00
"9382",41.92524,-122.49443,2012,"2018-07-07",321.2,"09:32:00",2018-07-07 09:32:00
"9383",41.94083,-122.45728,2012,"2018-07-07",310.7,"09:32:00",2018-07-07 09:32:00
"9384",41.93981,-122.4611,2012,"2018-07-07",312.6,"09:32:00",2018-07-07 09:32:00
"9385",41.93246,-122.48846,2012,"2018-07-07",310.5,"09:32:00",2018-07-07 09:32:00
"9386",41.93133,-122.49267,2012,"2018-07-07",309.7,"09:32:00",2018-07-07 09:32:00
"9387",41.94188,-122.45335,2012,"2018-07-07",309.4,"09:32:00",2018-07-07 09:32:00
"9388",41.93879,-122.46491,2012,"2018-07-07",312.5,"09:32:00",2018-07-07 09:32:00
"9389",41.93776,-122.46873,2012,"2018-07-07",312.2,"09:32:00",2018-07-07 09:32:00
"9390",41.93026,-122.49667,2012,"2018-07-07",315.9,"09:32:00",2018-07-07 09:32:00
"9391",41.9458,-122.45965,2012,"2018-07-07",309.7,"09:32:00",2018-07-07 09:32:00
"9392",41.94475,-122.46358,2012,"2018-07-07",305.2,"09:32:00",2018-07-07 09:32:00
"9393",41.94373,-122.46742,2012,"2018-07-07",308.5,"09:32:00",2018-07-07 09:32:00
"9394",41.93629,-122.49511,2012,"2018-07-07",310.4,"09:32:00",2018-07-07 09:32:00
"9395",41.9427,-122.47122,2012,"2018-07-07",306.9,"09:32:00",2018-07-07 09:32:00
"9396",41.93742,-122.49091,2012,"2018-07-07",309.7,"09:32:00",2018-07-07 09:32:00
"9397",41.94879,-122.46944,2012,"2018-07-07",306.3,"09:32:00",2018-07-07 09:32:00
"9398",41.9412,-122.51871,2012,"2018-07-07",313.5,"09:32:00",2018-07-07 09:32:00
"9399",41.94216,-122.51512,2012,"2018-07-07",311.4,"09:32:00",2018-07-07 09:32:00
"9400",41.95038,-122.50541,2012,"2018-07-07",315.2,"09:32:00",2018-07-07 09:32:00
"9401",41.94814,-122.5138,2012,"2018-07-07",308.8,"09:32:00",2018-07-07 09:32:00
"9402",41.94614,-122.52123,2012,"2018-07-07",316,"09:32:00",2018-07-07 09:32:00
"9403",41.94515,-122.52496,2012,"2018-07-07",308.5,"09:32:00",2018-07-07 09:32:00
"9404",41.94923,-122.50973,2012,"2018-07-07",310.8,"09:32:00",2018-07-07 09:32:00
"9405",41.94713,-122.51756,2012,"2018-07-07",325.3,"09:32:00",2018-07-07 09:32:00
"9406",41.9502,-122.52708,2012,"2018-07-07",313,"09:32:00",2018-07-07 09:32:00
"9407",41.95428,-122.51185,2012,"2018-07-07",308.4,"09:32:00",2018-07-07 09:32:00
"9408",41.94922,-122.53075,2012,"2018-07-07",312.6,"09:32:00",2018-07-07 09:32:00
"9409",41.92732,-122.6125,2012,"2018-07-07",300.7,"09:32:00",2018-07-07 09:32:00
"9410",41.92642,-122.61586,2012,"2018-07-07",301.9,"09:32:00",2018-07-07 09:32:00
"9411",41.97612,-122.45097,2012,"2018-07-07",312.9,"09:32:00",2018-07-07 09:32:00
"9412",41.97509,-122.45486,2012,"2018-07-07",326.6,"09:32:00",2018-07-07 09:32:00
"9413",41.9822,-122.44914,2012,"2018-07-07",305.3,"09:32:00",2018-07-07 09:32:00
"9414",41.97912,-122.46073,2012,"2018-07-07",309.7,"09:32:00",2018-07-07 09:32:00
"9415",41.98011,-122.45704,2012,"2018-07-07",316,"09:32:00",2018-07-07 09:32:00
"9416",41.98113,-122.45319,2012,"2018-07-07",328,"09:32:00",2018-07-07 09:32:00
"9417",41.94601,-122.5213,2012,"2018-07-07",315.8,"09:32:00",2018-07-07 09:32:00
"9418",41.95033,-122.50558,2012,"2018-07-07",314.8,"09:32:00",2018-07-07 09:32:00
"9419",41.94915,-122.50986,2012,"2018-07-07",312.3,"09:32:00",2018-07-07 09:32:00
"9420",41.94804,-122.51389,2012,"2018-07-07",307.4,"09:32:00",2018-07-07 09:32:00
"9421",41.945,-122.52502,2012,"2018-07-07",309.3,"09:32:00",2018-07-07 09:32:00
"9422",41.94702,-122.51764,2012,"2018-07-07",327.6,"09:32:00",2018-07-07 09:32:00
"9423",41.95005,-122.52713,2012,"2018-07-07",312.1,"09:32:00",2018-07-07 09:32:00
"9424",41.94905,-122.53081,2012,"2018-07-07",313,"09:32:00",2018-07-07 09:32:00
"9425",41.92577,-122.61569,2012,"2018-07-07",303.1,"09:32:00",2018-07-07 09:32:00
"9426",41.95421,-122.51196,2012,"2018-07-07",308.8,"09:32:00",2018-07-07 09:32:00
"9427",41.92669,-122.61232,2012,"2018-07-07",300,"09:32:00",2018-07-07 09:32:00
"9428",41.97639,-122.45129,2012,"2018-07-07",314.9,"09:32:00",2018-07-07 09:32:00
"9429",41.97433,-122.45889,2012,"2018-07-07",311,"09:32:00",2018-07-07 09:32:00
"9430",41.97535,-122.45514,2012,"2018-07-07",329.1,"09:32:00",2018-07-07 09:32:00
"9431",41.97936,-122.46099,2012,"2018-07-07",311.2,"09:32:00",2018-07-07 09:32:00
"9432",41.9825,-122.44945,2012,"2018-07-07",304.2,"09:32:00",2018-07-07 09:32:00
"9433",41.98141,-122.45348,2012,"2018-07-07",324.7,"09:32:00",2018-07-07 09:32:00
"9434",41.98036,-122.45731,2012,"2018-07-07",315.2,"09:32:00",2018-07-07 09:32:00
"9435",41.98532,-122.4597,2012,"2018-07-07",318.1,"09:32:00",2018-07-07 09:32:00
"9436",41.98427,-122.46355,2012,"2018-07-07",328.3,"09:32:00",2018-07-07 09:32:00
"9437",41.98323,-122.46737,2012,"2018-07-07",310.5,"09:32:00",2018-07-07 09:32:00
"9438",41.98219,-122.47121,2012,"2018-07-07",301.9,"09:32:00",2018-07-07 09:32:00
"9439",41.98117,-122.47496,2012,"2018-07-07",304.2,"09:32:00",2018-07-07 09:32:00
"9440",41.93929,-122.62836,2012,"2018-07-07",299.3,"09:32:00",2018-07-07 09:32:00
"9441",41.99041,-122.46162,2012,"2018-07-07",315,"09:32:00",2018-07-07 09:32:00
"9442",41.9893,-122.4657,2012,"2018-07-07",349.8,"09:32:00",2018-07-07 09:32:00
"9443",41.99159,-122.45724,2012,"2018-07-07",300.9,"09:32:00",2018-07-07 09:32:00
"9444",41.98822,-122.46964,2012,"2018-07-07",311.6,"09:32:00",2018-07-07 09:32:00
"9445",41.98716,-122.47356,2012,"2018-07-07",300.8,"09:32:00",2018-07-07 09:32:00
"9446",41.9861,-122.47748,2012,"2018-07-07",299.6,"09:32:00",2018-07-07 09:32:00
"9447",41.99443,-122.46742,2012,"2018-07-07",307.6,"09:32:00",2018-07-07 09:32:00
"9448",41.99224,-122.47551,2012,"2018-07-07",322.3,"09:32:00",2018-07-07 09:32:00
"9449",41.99331,-122.47159,2012,"2018-07-07",312.9,"09:32:00",2018-07-07 09:32:00
"9450",41.99008,-122.48347,2012,"2018-07-07",298.9,"09:32:00",2018-07-07 09:32:00
"9451",41.99631,-122.48122,2012,"2018-07-07",326.6,"09:32:00",2018-07-07 09:32:00
"9452",41.9952,-122.48529,2012,"2018-07-07",302.5,"09:32:00",2018-07-07 09:32:00
"9453",41.99412,-122.48928,2012,"2018-07-07",303.1,"09:32:00",2018-07-07 09:32:00
"9454",41.99845,-122.47333,2012,"2018-07-07",296.9,"09:32:00",2018-07-07 09:32:00
"9455",41.99737,-122.47729,2012,"2018-07-07",335.6,"09:32:00",2018-07-07 09:32:00
"9458",41.99921,-122.49118,2012,"2018-07-07",299.1,"09:32:00",2018-07-07 09:32:00
"9459",41.9984,-122.51492,2012,"2018-07-07",300.5,"09:32:00",2018-07-07 09:32:00
"9460",41.99744,-122.51846,2012,"2018-07-07",302,"09:32:00",2018-07-07 09:32:00
"9461",41.99465,-122.54949,2012,"2018-07-07",305,"09:32:00",2018-07-07 09:32:00
"9464",41.99323,-122.55476,2012,"2018-07-07",299.5,"09:32:00",2018-07-07 09:32:00
"9465",41.99199,-122.55933,2012,"2018-07-07",304.3,"09:32:00",2018-07-07 09:32:00
"9467",41.99826,-122.55692,2012,"2018-07-07",302.4,"09:32:00",2018-07-07 09:32:00
"9473",41.99364,-122.59483,2012,"2018-07-07",301.4,"09:32:00",2018-07-07 09:32:00
"9706",41.91651,-122.46011,2154,"2018-07-07",311.9,"11:54:00",2018-07-07 11:54:00
"9707",41.91631,-122.46543,2154,"2018-07-07",325.4,"11:54:00",2018-07-07 11:54:00
"9708",41.91609,-122.47105,2154,"2018-07-07",312.1,"11:54:00",2018-07-07 11:54:00
"9709",41.92258,-122.45059,2154,"2018-07-07",313.4,"11:54:00",2018-07-07 11:54:00
"9710",41.92218,-122.46094,2154,"2018-07-07",313.3,"11:54:00",2018-07-07 11:54:00
"9711",41.92197,-122.46632,2154,"2018-07-07",312.1,"11:54:00",2018-07-07 11:54:00
"9712",41.92175,-122.47195,2154,"2018-07-07",315.6,"11:54:00",2018-07-07 11:54:00
"9713",41.92154,-122.47762,2154,"2018-07-07",317.3,"11:54:00",2018-07-07 11:54:00
"9714",41.92091,-122.49377,2154,"2018-07-07",313.2,"11:54:00",2018-07-07 11:54:00
"9715",41.92238,-122.45583,2154,"2018-07-07",325.2,"11:54:00",2018-07-07 11:54:00
"9716",41.92133,-122.48282,2154,"2018-07-07",328.1,"11:54:00",2018-07-07 11:54:00
"9717",41.92826,-122.45149,2154,"2018-07-07",313,"11:54:00",2018-07-07 11:54:00
"9718",41.92804,-122.45704,2154,"2018-07-07",314.1,"11:54:00",2018-07-07 11:54:00
"9719",41.92784,-122.46217,2154,"2018-07-07",310.5,"11:54:00",2018-07-07 11:54:00
"9720",41.92658,-122.49438,2154,"2018-07-07",323,"11:54:00",2018-07-07 11:54:00
"9721",41.92678,-122.48913,2154,"2018-07-07",312.4,"11:54:00",2018-07-07 11:54:00
"9722",41.92635,-122.5,2154,"2018-07-07",309,"11:54:00",2018-07-07 11:54:00
"9723",41.9215,-122.62167,2154,"2018-07-07",301.8,"11:54:00",2018-07-07 11:54:00
"9724",41.93226,-122.49483,2154,"2018-07-07",311.2,"11:54:00",2018-07-07 11:54:00
"9725",41.93417,-122.44615,2154,"2018-07-07",303,"11:54:00",2018-07-07 11:54:00
"9726",41.93395,-122.45192,2154,"2018-07-07",305.5,"11:54:00",2018-07-07 11:54:00
"9727",41.93373,-122.45753,2154,"2018-07-07",306,"11:54:00",2018-07-07 11:54:00
"9728",41.93245,-122.48981,2154,"2018-07-07",311.1,"11:54:00",2018-07-07 11:54:00
"9729",41.92709,-122.6236,2154,"2018-07-07",302.2,"11:54:00",2018-07-07 11:54:00
"9730",41.92684,-122.62955,2154,"2018-07-07",300.6,"11:54:00",2018-07-07 11:54:00
"9731",41.93921,-122.46334,2154,"2018-07-07",310.4,"11:54:00",2018-07-07 11:54:00
"9732",41.93794,-122.49514,2154,"2018-07-07",314,"11:54:00",2018-07-07 11:54:00
"9733",41.93964,-122.45229,2154,"2018-07-07",303.9,"11:54:00",2018-07-07 11:54:00
"9734",41.93943,-122.45781,2154,"2018-07-07",304.2,"11:54:00",2018-07-07 11:54:00
"9735",41.93899,-122.46886,2154,"2018-07-07",303.7,"11:54:00",2018-07-07 11:54:00
"9736",41.93773,-122.50047,2154,"2018-07-07",306.2,"11:54:00",2018-07-07 11:54:00
"9737",41.93704,-122.51775,2154,"2018-07-07",303.2,"11:54:00",2018-07-07 11:54:00
"9738",41.9327,-122.62447,2154,"2018-07-07",297.7,"11:54:00",2018-07-07 11:54:00
"9739",41.94491,-122.46335,2154,"2018-07-07",308.2,"11:54:00",2018-07-07 11:54:00
"9740",41.94469,-122.46886,2154,"2018-07-07",305.9,"11:54:00",2018-07-07 11:54:00
"9741",41.94319,-122.50639,2154,"2018-07-07",312,"11:54:00",2018-07-07 11:54:00
"9742",41.94297,-122.5118,2154,"2018-07-07",319.5,"11:54:00",2018-07-07 11:54:00
"9743",41.93837,-122.62435,2154,"2018-07-07",309.8,"11:54:00",2018-07-07 11:54:00
"9744",41.94273,-122.51759,2154,"2018-07-07",316.2,"11:54:00",2018-07-07 11:54:00
"9745",41.94249,-122.52341,2154,"2018-07-07",312.4,"11:54:00",2018-07-07 11:54:00
"9746",41.94227,-122.52903,2154,"2018-07-07",304.3,"11:54:00",2018-07-07 11:54:00
"9747",41.93807,-122.63162,2154,"2018-07-07",302.3,"11:54:00",2018-07-07 11:54:00
"9748",41.94885,-122.50701,2154,"2018-07-07",315.8,"11:54:00",2018-07-07 11:54:00
"9749",41.94842,-122.51764,2154,"2018-07-07",307.9,"11:54:00",2018-07-07 11:54:00
"9750",41.94818,-122.5235,2154,"2018-07-07",307.6,"11:54:00",2018-07-07 11:54:00
"9751",41.94794,-122.52934,2154,"2018-07-07",307,"11:54:00",2018-07-07 11:54:00
"9752",41.94865,-122.51208,2154,"2018-07-07",309.9,"11:54:00",2018-07-07 11:54:00
"9753",41.95431,-122.51286,2154,"2018-07-07",307.1,"11:54:00",2018-07-07 11:54:00
"9754",41.95451,-122.50795,2154,"2018-07-07",307.7,"11:54:00",2018-07-07 11:54:00
"9755",41.974,-122.44991,2154,"2018-07-07",302,"11:54:00",2018-07-07 11:54:00
"9756",41.97946,-122.45584,2154,"2018-07-07",307.2,"11:54:00",2018-07-07 11:54:00
"9757",41.97969,-122.45039,2154,"2018-07-07",302.3,"11:54:00",2018-07-07 11:54:00
"9758",41.97923,-122.46152,2154,"2018-07-07",302.3,"11:54:00",2018-07-07 11:54:00
"9759",41.98516,-122.45618,2154,"2018-07-07",304.5,"11:54:00",2018-07-07 11:54:00
"9760",41.98494,-122.46149,2154,"2018-07-07",308.6,"11:54:00",2018-07-07 11:54:00
"9761",41.98471,-122.46699,2154,"2018-07-07",303.7,"11:54:00",2018-07-07 11:54:00
"9762",41.9906,-122.46244,2154,"2018-07-07",308.3,"11:54:00",2018-07-07 11:54:00
"9763",41.99038,-122.46767,2154,"2018-07-07",303.6,"11:54:00",2018-07-07 11:54:00
"9764",41.98689,-122.54963,2154,"2018-07-07",307.7,"11:54:00",2018-07-07 11:54:00
"9765",41.99016,-122.47301,2154,"2018-07-07",302.1,"11:54:00",2018-07-07 11:54:00
"9766",41.9867,-122.55399,2154,"2018-07-07",306.5,"11:54:00",2018-07-07 11:54:00
"9767",41.98651,-122.55849,2154,"2018-07-07",307.3,"11:54:00",2018-07-07 11:54:00
"9768",41.99604,-122.46882,2154,"2018-07-07",302.6,"11:54:00",2018-07-07 11:54:00
"9769",41.99582,-122.47406,2154,"2018-07-07",303.4,"11:54:00",2018-07-07 11:54:00
"9770",41.9927,-122.54645,2154,"2018-07-07",305,"11:54:00",2018-07-07 11:54:00
"9771",41.99253,-122.55054,2154,"2018-07-07",306.9,"11:54:00",2018-07-07 11:54:00
"9772",41.99234,-122.55481,2154,"2018-07-07",305.6,"11:54:00",2018-07-07 11:54:00
"9773",41.99091,-122.5878,2154,"2018-07-07",311.5,"11:54:00",2018-07-07 11:54:00
"9774",41.99535,-122.48491,2154,"2018-07-07",303.2,"11:54:00",2018-07-07 11:54:00
"9775",41.99512,-122.49033,2154,"2018-07-07",302,"11:54:00",2018-07-07 11:54:00
"9776",41.99289,-122.54194,2154,"2018-07-07",302,"11:54:00",2018-07-07 11:54:00
"9777",41.99215,-122.55949,2154,"2018-07-07",306.2,"11:54:00",2018-07-07 11:54:00
"9778",41.97536,-122.44926,2154,"2018-07-07",301.2,"11:54:00",2018-07-07 11:54:00
"9779",41.97517,-122.45465,2154,"2018-07-07",302.8,"11:54:00",2018-07-07 11:54:00
"9780",41.98086,-122.45515,2154,"2018-07-07",308.1,"11:54:00",2018-07-07 11:54:00
"9781",41.98066,-122.46078,2154,"2018-07-07",306.7,"11:54:00",2018-07-07 11:54:00
"9782",41.98046,-122.46626,2154,"2018-07-07",304.2,"11:54:00",2018-07-07 11:54:00
"9783",41.98636,-122.4608,2154,"2018-07-07",306.1,"11:54:00",2018-07-07 11:54:00
"9784",41.98655,-122.45562,2154,"2018-07-07",299.8,"11:54:00",2018-07-07 11:54:00
"9785",41.98616,-122.46629,2154,"2018-07-07",303.8,"11:54:00",2018-07-07 11:54:00
"9786",41.99202,-122.4622,2154,"2018-07-07",304.5,"11:54:00",2018-07-07 11:54:00
"9787",41.99164,-122.47259,2154,"2018-07-07",305.9,"11:54:00",2018-07-07 11:54:00
"9788",41.98879,-122.54942,2154,"2018-07-07",307.6,"11:54:00",2018-07-07 11:54:00
"9789",41.98846,-122.55833,2154,"2018-07-07",310.8,"11:54:00",2018-07-07 11:54:00
"9790",41.99184,-122.4673,2154,"2018-07-07",304.7,"11:54:00",2018-07-07 11:54:00
"9791",41.99144,-122.47805,2154,"2018-07-07",301.5,"11:54:00",2018-07-07 11:54:00
"9792",41.99124,-122.48344,2154,"2018-07-07",300.3,"11:54:00",2018-07-07 11:54:00
"9793",41.98863,-122.55379,2154,"2018-07-07",312.6,"11:54:00",2018-07-07 11:54:00
"9794",41.9967,-122.48991,2154,"2018-07-07",303.8,"11:54:00",2018-07-07 11:54:00
"9795",41.99444,-122.55046,2154,"2018-07-07",304.4,"11:54:00",2018-07-07 11:54:00
"9796",41.99302,-122.58803,2154,"2018-07-07",311,"11:54:00",2018-07-07 11:54:00
"9797",41.9973,-122.47371,2154,"2018-07-07",301,"11:54:00",2018-07-07 11:54:00
"9798",41.9971,-122.47919,2154,"2018-07-07",301.8,"11:54:00",2018-07-07 11:54:00
"9799",41.9969,-122.48451,2154,"2018-07-07",304.5,"11:54:00",2018-07-07 11:54:00
"9800",41.99578,-122.51469,2154,"2018-07-07",296.5,"11:54:00",2018-07-07 11:54:00
"9801",41.99459,-122.54642,2154,"2018-07-07",302.7,"11:54:00",2018-07-07 11:54:00
"9811",41.99993,-122.5555,2154,"2018-07-07",303.1,"11:54:00",2018-07-07 11:54:00
"11104",41.99967,-122.45051,1012,"2018-07-08",287.5,"16:52:00",2018-07-08 16:52:00
"11105",41.99884,-122.44572,1012,"2018-07-08",285.1,"16:52:00",2018-07-08 16:52:00
"11117",41.99884,-122.46578,1012,"2018-07-08",286.5,"16:52:00",2018-07-08 16:52:00
"11118",41.99719,-122.45633,1012,"2018-07-08",285.1,"16:52:00",2018-07-08 16:52:00
"11119",41.99636,-122.45156,1012,"2018-07-08",286.1,"16:52:00",2018-07-08 16:52:00
"11120",41.99553,-122.44674,1012,"2018-07-08",286.1,"16:52:00",2018-07-08 16:52:00
"11121",41.99469,-122.44196,1012,"2018-07-08",286.4,"16:52:00",2018-07-08 16:52:00
"11127",41.9988,-122.48572,1012,"2018-07-08",285.9,"16:52:00",2018-07-08 16:52:00
"11128",41.99633,-122.47145,1012,"2018-07-08",286.6,"16:52:00",2018-07-08 16:52:00
"11129",41.99138,-122.44299,1012,"2018-07-08",286.7,"16:52:00",2018-07-08 16:52:00
"11130",41.99054,-122.4382,1012,"2018-07-08",286.5,"16:52:00",2018-07-08 16:52:00
"11139",41.99054,-122.45823,1012,"2018-07-08",285.6,"16:52:00",2018-07-08 16:52:00
"11140",41.98723,-122.43922,1012,"2018-07-08",287,"16:52:00",2018-07-08 16:52:00
"11141",41.9864,-122.43449,1012,"2018-07-08",286.3,"16:52:00",2018-07-08 16:52:00
"11143",41.99719,-122.51655,1012,"2018-07-08",286.1,"16:52:00",2018-07-08 16:52:00
"11144",41.99052,-122.47822,1012,"2018-07-08",285,"16:52:00",2018-07-08 16:52:00
"11145",41.98722,-122.45918,1012,"2018-07-08",284.6,"16:52:00",2018-07-08 16:52:00
"11146",41.98309,-122.43549,1012,"2018-07-08",287,"16:52:00",2018-07-08 16:52:00
"11148",41.9996,-122.55054,1012,"2018-07-08",287.3,"16:52:00",2018-07-08 16:52:00
"11149",41.9806,-122.44125,1012,"2018-07-08",286.2,"16:52:00",2018-07-08 16:52:00
"11150",41.97977,-122.43649,1012,"2018-07-08",288,"16:52:00",2018-07-08 16:52:00
"11151",41.97894,-122.43174,1012,"2018-07-08",285.8,"16:52:00",2018-07-08 16:52:00
"11154",41.99708,-122.55612,1012,"2018-07-08",287.3,"16:52:00",2018-07-08 16:52:00
"11155",41.99628,-122.55149,1012,"2018-07-08",287.3,"16:52:00",2018-07-08 16:52:00
"11156",41.97812,-122.44703,1012,"2018-07-08",287.5,"16:52:00",2018-07-08 16:52:00
"11157",41.99952,-122.59031,1012,"2018-07-08",285.9,"16:52:00",2018-07-08 16:52:00
"11158",41.99377,-122.55711,1012,"2018-07-08",287.7,"16:52:00",2018-07-08 16:52:00
"11159",41.95779,-122.52032,1012,"2018-07-08",287.3,"16:52:00",2018-07-08 16:52:00
"11160",41.95697,-122.51556,1012,"2018-07-08",287.1,"16:52:00",2018-07-08 16:52:00
"11161",41.93855,-122.63106,1012,"2018-07-08",287.3,"16:52:00",2018-07-08 16:52:00
"11162",41.93772,-122.62621,1012,"2018-07-08",288.9,"16:52:00",2018-07-08 16:52:00
"11163",41.93443,-122.62729,1012,"2018-07-08",292.6,"16:52:00",2018-07-08 16:52:00
"11164",41.93359,-122.62245,1012,"2018-07-08",290.1,"16:52:00",2018-07-08 16:52:00
"11165",41.93195,-122.63311,1012,"2018-07-08",294.5,"16:52:00",2018-07-08 16:52:00
"11166",41.93113,-122.62833,1012,"2018-07-08",290.5,"16:52:00",2018-07-08 16:52:00
"11167",41.93031,-122.62354,1012,"2018-07-08",288.5,"16:52:00",2018-07-08 16:52:00
"11168",41.92864,-122.63406,1012,"2018-07-08",287.6,"16:52:00",2018-07-08 16:52:00
"11169",41.92782,-122.62933,1012,"2018-07-08",288,"16:52:00",2018-07-08 16:52:00
"12820",41.94921,-122.51157,1954,"2018-07-08",313,"08:34:00",2018-07-08 08:34:00
"12821",41.95548,-122.51424,1954,"2018-07-08",315.1,"08:34:00",2018-07-08 08:34:00
"12822",41.95347,-122.52052,1954,"2018-07-08",310,"08:34:00",2018-07-08 08:34:00
"12823",41.96192,-122.51636,1954,"2018-07-08",314.6,"08:34:00",2018-07-08 08:34:00
"12824",41.95979,-122.52305,1954,"2018-07-08",311,"08:34:00",2018-07-08 08:34:00
"12825",41.93477,-122.62356,1954,"2018-07-08",300.6,"08:34:00",2018-07-08 08:34:00
"12838",41.96144,-122.51846,1954,"2018-07-08",317.1,"08:34:00",2018-07-08 08:34:00
"12894",40.67893,-122.16217,2136,"2018-07-08",315.9,"11:36:00",2018-07-08 11:36:00
"13478",41.94952,-122.51503,2136,"2018-07-08",319.2,"11:36:00",2018-07-08 11:36:00
"13479",41.95392,-122.51578,2136,"2018-07-08",319.2,"11:36:00",2018-07-08 11:36:00
"13480",41.95341,-122.52196,2136,"2018-07-08",318.9,"11:36:00",2018-07-08 11:36:00
"13481",41.95831,-122.51676,2136,"2018-07-08",321,"11:36:00",2018-07-08 11:36:00
"13482",41.9627,-122.51779,2136,"2018-07-08",321.3,"11:36:00",2018-07-08 11:36:00
"13489",41.99996,-122.59219,2136,"2018-07-08",317.4,"11:36:00",2018-07-08 11:36:00
"15402",41.99989,-122.5088,954,"2018-07-09",290,"15:54:00",2018-07-09 15:54:00
"15404",41.99924,-122.50383,954,"2018-07-09",288.2,"15:54:00",2018-07-09 15:54:00
"17228",40.30674,-122.0917,936,"2018-07-10",291,"15:36:00",2018-07-10 15:36:00
